Unnamed: 0,DonorName,RecipientName,IncomegroupName,USD_Commitment_Defl,USD_Received_Defl,ChannelReportedName,CommitmentDate
40703,Germany,Egypt,LMICs,2.81795,,,2004-12-31
40829,Germany,Egypt,LMICs,2.11346,,,2004-12-31
40966,Germany,Egypt,LMICs,4.22692,,,2004-12-31
41006,Germany,Egypt,LMICs,0.040987,,,2004-12-31
41026,Germany,Egypt,LMICs,0.0556263,,,2004-12-31
50248,Germany,Ethiopia,LDCs,0.0340972,,,2004-12-31
50467,Germany,Ethiopia,LDCs,0.0640519,,,2004-12-31
50565,Germany,Ethiopia,LDCs,0.262224,,,2004-12-31
50579,Germany,Ethiopia,LDCs,0.0704909,,,2004-12-31
54371,Germany,Kenya,LMICs,0.0870605,,,2004-12-31
54545,Germany,Kenya,LMICs,0.214587,,,2004-12-31
54559,Germany,Kenya,LMICs,0.0767045,,,2004-12-31
54563,Germany,Kenya,LMICs,0.352243,,,2004-12-31
54569,Germany,Kenya,LMICs,0.0562321,,,2004-12-31
54575,Germany,Kenya,LMICs,5.63589,,,2004-12-31
54666,Germany,Kenya,LMICs,0.986281,,MINISTRY OF FINANCE AND PLAN.,2004-09-01
54753,Germany,Kenya,LMICs,0.528365,,,2004-12-31
55336,Germany,Kenya,LMICs,13.3852,0.0,MINISTRY OF FINANCE AND PLAN.,2004-09-01
66283,Germany,Rwanda,LDCs,0.0975714,,,2004-12-31
72002,Germany,Tanzania,LDCs,0.08165,,,2004-12-31
72625,Germany,Tanzania,LDCs,6.3403800000000015,,MINISTRY OF FINANCE,2004-01-01
72626,Germany,Tanzania,LDCs,0.704487,,MINISTRY OF FINANCE,2004-01-01
72627,Germany,Tanzania,LDCs,13.2472,,MINISTRY OF FINANCE,2004-05-01
72628,Germany,Tanzania,LDCs,0.281795,,MINISTRY OF FINANCE,2004-05-01
74133,Germany,Uganda,LDCs,3.94513,,,2004-12-31
74679,Germany,Uganda,LDCs,0.223858,,,2004-12-31
74697,Germany,Uganda,LDCs,0.0293771,,,2004-12-31
74726,Germany,Uganda,LDCs,23.0522,0.0,MINISTRY OF FINANCE,2004-03-01
74804,Germany,Uganda,LDCs,1.08491,,,2004-12-31
90465,Germany,Bolivia,LMICs,0.076775,,,2004-12-31
90872,Germany,Bolivia,LMICs,0.08304489999999999,,,2004-12-31
90890,Germany,Bolivia,LMICs,0.0847216,,,2004-12-31
94307,Germany,Colombia,UMICs,0.0897234,,,2004-12-31
103029,Germany,Lebanon,UMICs,0.040987,,,2004-12-31
103030,Germany,Lebanon,UMICs,0.035182099999999994,,,2004-12-31
103076,Germany,Lebanon,UMICs,0.338154,,,2004-12-31
112302,Germany,India,LMICs,0.0704487,,,2004-12-31
112495,Germany,India,LMICs,0.0706741,,,2004-12-31
112496,Germany,India,LMICs,0.0576834,,,2004-12-31
112657,Germany,India,LMICs,0.141658,,,2004-12-31
112704,Germany,India,LMICs,0.221209,,,2004-12-31
112711,Germany,India,LMICs,0.109336,,,2004-12-31
112735,Germany,India,LMICs,0.0528365,,,2004-12-31
116788,Germany,Bangladesh,LDCs,0.429695,,,2004-12-31
197406,Germany,Egypt,LMICs,0.182417,0.0,Other,2005-12-31
197407,Germany,Egypt,LMICs,0.00246965,0.0,Public sector,2005-12-31
197419,Germany,Egypt,LMICs,3.92899,0.0,Public sector,2005-09-18
197450,Germany,Egypt,LMICs,0.0701605,0.0,Public sector,2005-12-31
197535,Germany,Egypt,LMICs,0.056296800000000015,,Public sector,2005-12-31
197536,Germany,Egypt,LMICs,0.0689678,,Public sector,2005-12-31
197537,Germany,Egypt,LMICs,0.00520591,,Public sector,2005-12-31
197538,Germany,Egypt,LMICs,0.037269300000000005,,Public sector,2005-12-31
197539,Germany,Egypt,LMICs,0.0885566,,Public sector,2005-12-31
197540,Germany,Egypt,LMICs,0.00770363,,Public sector,2005-12-31
197541,Germany,Egypt,LMICs,0.0991789,,Public sector,2005-12-31
197542,Germany,Egypt,LMICs,0.042292800000000005,,Public sector,2005-12-31
197543,Germany,Egypt,LMICs,0.409275,,Public sector,2005-12-31
201053,Germany,Burundi,LDCs,23.7049,,Public sector,2005-11-29
201479,Germany,Burundi,LDCs,5.61284,,Public sector,2005-12-31
201480,Germany,Burundi,LDCs,0.00453237,,NGOs and civil society,2005-12-31
207664,Germany,Ethiopia,LDCs,0.0525362,0.0,NGOs and civil society,2005-12-31
207685,Germany,Ethiopia,LDCs,0.373829,0.0,NGOs and civil society,2005-12-31
207822,Germany,Ethiopia,LDCs,0.0925839,,Public sector,2005-12-31
210741,Germany,Kenya,LMICs,0.701605,,Public sector,2005-11-17
210799,Germany,Kenya,LMICs,0.134007,0.0,NGOs and civil society,2005-12-31
211078,Germany,Kenya,LMICs,0.212067,0.0,NGOs and civil society,2005-12-31
211172,Germany,Kenya,LMICs,0.010945,0.0,NGOs and civil society,2005-12-31
211176,Germany,Kenya,LMICs,0.561284,0.0,NGOs and civil society,2005-12-31
211187,Germany,Kenya,LMICs,0.342383,0.0,NGOs and civil society,2005-12-31
211650,Germany,Kenya,LMICs,0.0238406,,Public sector,2005-12-31
211651,Germany,Kenya,LMICs,0.252578,,NGOs and civil society,2005-12-31
211914,Germany,Kenya,LMICs,13.3305,0.0,Public sector,2005-11-17
219819,Germany,Rwanda,LDCs,0.159363,0.0,Other,2005-12-31
219858,Germany,Rwanda,LDCs,0.0653195,0.0,NGOs and civil society,2005-12-31
224293,Germany,Sudan,LDCs,0.0364695,0.0,NGOs and civil society,2005-12-31
224651,Germany,Tanzania,LDCs,8.55959,,Public sector,2005-07-12
224652,Germany,Tanzania,LDCs,0.543043,,Public sector,2005-07-12
224653,Germany,Tanzania,LDCs,0.420963,,Public sector,2005-07-12
224758,Germany,Tanzania,LDCs,16.0148,0.0,Public sector,2005-07-12
225530,Germany,Tanzania,LDCs,0.147604,0.0,NGOs and civil society,2005-12-31
225735,Germany,Tanzania,LDCs,0.011801,0.0,NGOs and civil society,2005-12-31
225751,Germany,Tanzania,LDCs,0.0140321,0.0,NGOs and civil society,2005-12-31
225877,Germany,Tanzania,LDCs,0.104216,0.0,NGOs and civil society,2005-12-31
225889,Germany,Tanzania,LDCs,0.00813862,0.0,NGOs and civil society,2005-12-31
225895,Germany,Tanzania,LDCs,0.304497,0.0,NGOs and civil society,2005-12-31
225899,Germany,Tanzania,LDCs,0.382122,0.0,NGOs and civil society,2005-12-31
225952,Germany,Tanzania,LDCs,0.0647021,,Public sector,2005-12-31
225953,Germany,Tanzania,LDCs,0.217498,,NGOs and civil society,2005-12-31
227391,Germany,Uganda,LDCs,0.229214,0.0,NGOs and civil society,2005-12-31
227401,Germany,Uganda,LDCs,17.651,0.0,Public sector,2005-08-25
227854,Germany,Uganda,LDCs,0.106405,,Public sector,2005-12-31
227855,Germany,Uganda,LDCs,0.23153,,NGOs and civil society,2005-12-31
244333,Germany,Bolivia,LMICs,0.030646100000000006,,Public sector,2005-12-31
244334,Germany,Bolivia,LMICs,0.0543604,,Public sector,2005-12-31
244335,Germany,Bolivia,LMICs,0.126191,,Public sector,2005-12-31
244336,Germany,Bolivia,LMICs,0.0424471,,Public sector,2005-12-31
248631,Germany,Colombia,UMICs,0.0355012,,Public sector,2005-12-31
248632,Germany,Colombia,UMICs,0.0923172,,Public sector,2005-12-31
257474,Germany,Lebanon,UMICs,0.056296800000000015,,Public sector,2005-12-31
257475,Germany,Lebanon,UMICs,0.0584297,,Public sector,2005-12-31
257476,Germany,Lebanon,UMICs,0.00899458,,Public sector,2005-12-31
257477,Germany,Lebanon,UMICs,0.0046306,,Public sector,2005-12-31
257478,Germany,Lebanon,UMICs,0.058542,,Public sector,2005-12-31
257479,Germany,Lebanon,UMICs,0.041717500000000005,,Public sector,2005-12-31
257757,Germany,Lebanon,UMICs,22.8104,0.0,Public sector,2005-08-22
266292,Germany,India,LMICs,0.0557355,,Public sector,2005-12-31
266391,Germany,India,LMICs,0.00606187,,Public sector,2005-12-31
266427,Germany,India,LMICs,0.0876025,,Public sector,2005-12-31
266428,Germany,India,LMICs,0.187722,,Public sector,2005-12-31
266429,Germany,India,LMICs,0.00733879,,Public sector,2005-12-31
266432,Germany,India,LMICs,0.0511891,,NGOs and civil society,2005-12-31
266433,Germany,India,LMICs,0.041380699999999986,,NGOs and civil society,2005-12-31
266434,Germany,India,LMICs,0.0273486,,NGOs and civil society,2005-12-31
266435,Germany,India,LMICs,0.06352340000000001,,Public sector,2005-12-31
267502,Germany,India,LMICs,0.0302252,,Public sector,2005-12-31
271312,Germany,Bangladesh,LDCs,0.431207,,NGOs and civil society,2005-12-31
7830,Germany,Egypt,LMICs,0.00237175,0.0,Public sector,2006-12-31
12312,Germany,India,LMICs,4.19291,0.0,public sector,2006-06-26
12422,Germany,Kenya,LMICs,0.698821,0.0,public sector,2006-11-27
13548,Germany,Ethiopia,LDCs,0.0999588,0.0,Public sector,2006-12-31
13549,Germany,Bolivia,LMICs,0.112519,0.0,Public sector,2006-12-31
13993,Germany,Egypt,LMICs,5.59056,0.0,Public sector,2006-12-31
14926,Germany,India,LMICs,0.232833,0.0,NGOs and civil society,2006-12-31
15264,Germany,Rwanda,LDCs,0.0128275,0.0,Other,2006-12-31
15336,Germany,Bolivia,LMICs,0.139766,0.0,NGOs and civil society,2006-12-31
15433,Germany,Ethiopia,LDCs,0.0278152,0.0,NGOs and civil society,2006-12-31
15769,Germany,India,LMICs,0.07267810000000001,0.0,NGOs and civil society,2006-12-31
16656,Germany,India,LMICs,0.0960838,0.0,Multilateral Organisations,2006-12-31
16657,Germany,India,LMICs,0.279533,0.0,Multilateral Organisations,2006-12-31
17052,Germany,Burundi,LDCs,11.1298,0.0,public sector,2006-12-11
17084,Germany,Tanzania,LDCs,0.00699277,0.0,Other,2006-12-31
17086,Germany,Tanzania,LDCs,0.0139744,0.0,NGOs and civil society,2006-12-31
17295,Germany,India,LMICs,1.39764,0.0,public sector,2006-06-26
17336,Germany,Bolivia,LMICs,4.53622,0.0,public sector,2006-12-21
17437,Germany,Lebanon,UMICs,2.79528,0.0,public sector,2006-12-07
17645,Germany,Rwanda,LDCs,0.653546,0.0,public sector,2006-03-21
17881,Germany,India,LMICs,0.087187,0.0,Public sector,2006-12-31
17889,Germany,Uganda,LDCs,0.0859955,0.0,Public sector,2006-12-31
17895,Germany,India,LMICs,0.0076386000000000015,0.0,Public sector,2006-12-31
17896,Germany,India,LMICs,0.0972864,0.0,Public sector,2006-12-31
17906,Germany,Egypt,LMICs,0.0263565,0.0,Public sector,2006-12-31
17907,Germany,Egypt,LMICs,0.0987785,0.0,Public sector,2006-12-31
17979,Germany,Kenya,LMICs,13.2776,0.0,public sector,2006-11-27
18495,Germany,Egypt,LMICs,0.00177046,0.0,Public sector,2006-12-31
18496,Germany,Sudan,LDCs,0.00151436,0.0,Public sector,2006-12-31
18527,Germany,Kenya,LMICs,0.024986900000000003,0.0,Public sector,2006-12-31
18528,Germany,Kenya,LMICs,0.0560535,0.0,Public sector,2006-12-31
18529,Germany,Tanzania,LDCs,0.00328482,0.0,Public sector,2006-12-31
18530,Germany,Tanzania,LDCs,0.073001,0.0,Public sector,2006-12-31
18531,Germany,Tanzania,LDCs,0.032736900000000006,0.0,Public sector,2006-12-31
18653,Germany,Egypt,LMICs,0.249101,0.0,Public sector,2006-12-31
18664,Germany,Lebanon,UMICs,0.0150656,0.0,Public sector,2006-12-31
18672,Germany,Colombia,UMICs,0.00338504,0.0,Public sector,2006-12-31
18697,Germany,Bolivia,LMICs,0.00338504,0.0,Public sector,2006-12-31
18699,Germany,India,LMICs,0.0205329,0.0,Public sector,2006-12-31
18737,Germany,Egypt,LMICs,0.00487713,0.0,Public sector,2006-12-31
18738,Germany,Lebanon,UMICs,0.15973099999999998,0.0,Public sector,2006-12-31
18911,Germany,Uganda,LDCs,0.368535,0.0,NGOs and civil society,2006-12-31
18913,Germany,Kenya,LMICs,0.035409300000000005,0.0,NGOs and civil society,2006-12-31
18914,Germany,Uganda,LDCs,0.0314452,0.0,NGOs and civil society,2006-12-31
18938,Germany,India,LMICs,0.5907220000000001,0.0,NGOs and civil society,2006-12-31
19265,Germany,India,LMICs,0.010556,0.0,Public sector,2006-12-31
21129,Germany,Tanzania,LDCs,0.7742939999999999,0.0,NGOs and civil society,2006-12-31
21207,Germany,India,LMICs,0.040253,0.0,NGOs and civil society,2006-12-31
21778,Germany,Kenya,LMICs,0.117574,0.0,Public sector,2006-12-31
21780,Germany,Kenya,LMICs,0.258332,0.0,Public sector,2006-12-31
21782,Germany,Tanzania,LDCs,0.662788,0.0,Public sector,2006-12-31
21783,Germany,Uganda,LDCs,0.5647220000000001,0.0,Public sector,2006-12-31
21784,Germany,Tanzania,LDCs,0.00842919,0.0,Public sector,2006-12-31
21973,Germany,Lebanon,UMICs,4.19291,0.0,Public sector,2006-12-31
22737,Germany,Kenya,LMICs,2.51575,0.0,Public sector,2006-12-31
4936,Germany,Rwanda,LDCs,0.0200844,0.0,Other,
5725,Germany,Colombia,UMICs,0.00834699,0.0,Public sector,
6064,Germany,Uganda,LDCs,0.00137329,0.0,NGOs and civil society,
6065,Germany,Uganda,LDCs,0.0102998,0.0,NGOs and civil society,
6137,Germany,India,LMICs,0.0460061,0.0,NGOs and civil society,
6236,Germany,Ethiopia,LDCs,0.0247198,0.0,Public sector,
6885,Germany,Uganda,LDCs,0.00686656,0.0,Other,
6948,Germany,Tanzania,LDCs,0.0137332,0.0,Public sector,
6949,Germany,Tanzania,LDCs,0.0161296,0.0,Public sector,
7015,Germany,Bolivia,LMICs,2.74663,0.0,KfW,2007-12-14
7092,Germany,Egypt,LMICs,2.74663,0.0,KfW,2007-09-17
7600,Germany,Uganda,LDCs,8.2399,0.0,KfW,2007-11-22
8129,Germany,Tanzania,LDCs,9.75055,0.0,KfW,2007-02-23
8245,Germany,Tanzania,LDCs,1.01076,0.0,KfW,2007-02-23
8246,Germany,Tanzania,LDCs,23.6897,0.0,KfW,2007-12-20
8250,Germany,Tanzania,LDCs,4.1391800000000005,0.0,KfW,2007-02-23
10089,Germany,Uganda,LDCs,0.549327,0.0,KfW,2007-06-12
18093,Germany,Bolivia,LMICs,4.80661,0.0,KfW,2007-12-14
18449,Germany,Lebanon,UMICs,13.7332,0.0,KfW,2007-06-21
18546,Germany,Tanzania,LDCs,2.6093,0.0,KfW,2007-02-23
18690,Germany,Bolivia,LMICs,0.00275762,0.0,Public sector,
19971,Germany,Tanzania,LDCs,0.183238,0.0,Public sector,
19972,Germany,Uganda,LDCs,0.156642,0.0,Public sector,
19973,Germany,Kenya,LMICs,0.18066,0.0,Public sector,
19991,Germany,Lebanon,UMICs,0.00408567,0.0,Public sector,
20502,Germany,India,LMICs,0.0877809,0.0,Public sector,
21002,Germany,Tanzania,LDCs,0.323677,0.0,NGOs and civil society,
21086,Germany,Egypt,LMICs,0.0584841,0.0,Public sector,
21088,Germany,Egypt,LMICs,0.290634,0.0,Public sector,
21102,Germany,Lebanon,UMICs,0.139489,0.0,Public sector,
21331,Germany,Bolivia,LMICs,13.4585,0.0,GTZ,
21337,Germany,Bangladesh,LDCs,0.346076,0.0,NGOs and civil society,
21446,Germany,Uganda,LDCs,0.122004,0.0,Public sector,
21449,Germany,Uganda,LDCs,0.037852099999999986,0.0,Public sector,
21450,Germany,Uganda,LDCs,0.078534,0.0,Public sector,
21849,Germany,Ethiopia,LDCs,0.439461,0.0,NGOs and civil society,
22051,Germany,Rwanda,LDCs,0.195011,0.0,NGOs and civil society,
22144,Germany,Tanzania,LDCs,5.49327,0.0,GTZ,
22148,Germany,Uganda,LDCs,4.53195,0.0,GTZ,
22156,Germany,Kenya,LMICs,6.1799300000000015,0.0,GTZ,
22341,Germany,Ethiopia,LDCs,0.093461,0.0,Public sector,
22459,Germany,Lebanon,UMICs,2.74663,0.0,GTZ,
22603,Germany,Tanzania,LDCs,0.0222746,0.0,Public sector,
22894,Germany,India,LMICs,0.057773300000000014,0.0,Public sector,
22895,Germany,India,LMICs,0.040053,0.0,Public sector,
22921,Germany,India,LMICs,0.0369653,0.0,Public sector,
22923,Germany,India,LMICs,0.00408215,0.0,Public sector,
22934,Germany,Kenya,LMICs,0.00339486,0.0,Public sector,
22937,Germany,Tanzania,LDCs,0.0021588,0.0,Public sector,
22938,Germany,Tanzania,LDCs,0.249462,0.0,Public sector,
22940,Germany,Tanzania,LDCs,0.00191994,0.0,Public sector,
23415,Germany,Egypt,LMICs,1.03232,0.0,Public sector,
23417,Germany,Lebanon,UMICs,0.0677183,0.0,Public sector,
23667,Germany,Egypt,LMICs,0.0021588,0.0,Public sector,
23894,Germany,Tanzania,LDCs,0.8532540000000001,0.0,Public sector,
23909,Germany,Uganda,LDCs,0.643745,0.0,Public sector,
23951,Germany,Kenya,LMICs,0.198057,0.0,Public sector,
23952,Germany,Kenya,LMICs,0.243403,0.0,Public sector,
24015,Germany,Colombia,UMICs,0.0055647,0.0,Public sector,
24021,Germany,Colombia,UMICs,0.00834699,0.0,Public sector,
24025,Germany,Colombia,UMICs,0.0055647,0.0,Public sector,
24028,Germany,Colombia,UMICs,0.0055647,0.0,Public sector,
24470,Germany,Bolivia,LMICs,0.0201726,0.0,Public sector,
24497,Germany,Bolivia,LMICs,0.00938521,0.0,Public sector,
24501,Germany,Bolivia,LMICs,0.00604674,0.0,Public sector,
24508,Germany,Bolivia,LMICs,0.00938521,0.0,Public sector,
24512,Germany,Bolivia,LMICs,0.00604674,0.0,Public sector,
24516,Germany,Bolivia,LMICs,0.00604674,0.0,Public sector,
24555,Germany,Burundi,LDCs,0.00154083,0.0,Public sector,
24819,Germany,Bolivia,LMICs,0.113178,0.0,Public sector,
24833,Germany,Bolivia,LMICs,0.0273008,0.0,Public sector,
25370,Germany,India,LMICs,0.686656,0.0,NGOs and civil society,
25416,Germany,India,LMICs,0.0561376,0.0,Public sector,
14077,Germany,Uganda,LDCs,0.0102075,-0.0,National NGOs,
14230,Germany,Uganda,LDCs,0.0020415,-0.0,National NGOs,
14271,Germany,Kenya,LMICs,0.12729100000000002,-0.0,Federal Ministry for Economic Cooperation and Development,
14351,Germany,Tanzania,LDCs,0.034024900000000004,-0.0,Higher education institution,
14481,Germany,India,LMICs,0.0894163,-0.0,Federal Ministry for Economic Cooperation and Development,
14607,Germany,Uganda,LDCs,0.224565,-0.0,National NGOs,
14706,Germany,Lebanon,UMICs,1.6332,-0.0,Federal Ministry for Economic Cooperation and Development,
14796,Germany,Uganda,LDCs,4.49129,-0.0,GTZ,
14930,Germany,Bolivia,LMICs,25.1938,-0.0,KfW,
15153,Germany,Tanzania,LDCs,0.0317997,-0.0,National NGOs,
16152,Germany,Egypt,LMICs,10.438,-0.0,KfW,2008-11-11
16272,Germany,Lebanon,UMICs,16.332,-0.0,KfW,
16333,Germany,Egypt,LMICs,11.2963,-0.0,KfW,
16384,Germany,Kenya,LMICs,38.0535,-0.0,KfW,2008-05-21
16385,Germany,Kenya,LMICs,7.485489999999999,-0.0,KfW,
16467,Germany,Kenya,LMICs,0.680499,-0.0,KfW,
16857,Germany,Egypt,LMICs,28.5305,-0.0,KfW,2008-12-14
17603,Germany,Tanzania,LDCs,6.941089999999999,-0.0,GTZ,
17640,Germany,Burundi,LDCs,9.52698,-0.0,GTZ,
17702,Germany,Sudan,LDCs,2.7219900000000004,-0.0,GTZ,
17950,Germany,Egypt,LMICs,5.44399,-0.0,GTZ,
19232,Germany,Bangladesh,LDCs,0.360438,-0.0,National NGOs,
19669,Germany,Uganda,LDCs,0.0411361,-0.0,National NGOs,
19681,Germany,Ethiopia,LDCs,0.0503691,-0.0,National NGOs,
19684,Germany,Tanzania,LDCs,0.0208831,-0.0,National NGOs,
19780,Germany,Tanzania,LDCs,0.016332,-0.0,National NGOs,
19801,Germany,Kenya,LMICs,0.544399,-0.0,National NGOs,
19851,Germany,Bolivia,LMICs,0.112383,-0.0,Federal Ministry for Economic Cooperation and Development,
19853,Germany,Bolivia,LMICs,0.0881914,-0.0,Federal Ministry for Economic Cooperation and Development,
19991,Germany,Kenya,LMICs,0.35930300000000004,-0.0,National NGOs,
20041,Germany,Ethiopia,LDCs,0.060643,-0.0,Federal Ministry for Economic Cooperation and Development,
20307,Germany,Bolivia,LMICs,0.0451236,-0.0,Federal Ministry for Economic Cooperation and Development,
20509,Germany,Egypt,LMICs,0.0365771,-0.0,Federal Ministry for Economic Cooperation and Development,
20527,Germany,Egypt,LMICs,0.0394491,-0.0,Federal Ministry for Economic Cooperation and Development,
20581,Germany,India,LMICs,0.0161035,-0.0,Federal Ministry for Economic Cooperation and Development,
20582,Germany,India,LMICs,0.0902441,-0.0,Federal Ministry for Economic Cooperation and Development,
20583,Germany,India,LMICs,0.0480335,-0.0,Federal Ministry for Economic Cooperation and Development,
20584,Germany,India,LMICs,0.00448676,-0.0,Federal Ministry for Economic Cooperation and Development,
20585,Germany,India,LMICs,0.0845303,-0.0,Federal Ministry for Economic Cooperation and Development,
20586,Germany,India,LMICs,0.0824227,-0.0,Federal Ministry for Economic Cooperation and Development,
20639,Germany,Uganda,LDCs,0.041899300000000014,-0.0,Federal Ministry for Economic Cooperation and Development,
20752,Germany,Tanzania,LDCs,0.0990094,-0.0,Federal Ministry for Economic Cooperation and Development,
20753,Germany,Tanzania,LDCs,0.0893474,-0.0,Federal Ministry for Economic Cooperation and Development,
20803,Germany,Lebanon,UMICs,0.0946723,-0.0,Federal Ministry for Economic Cooperation and Development,
20852,Germany,Egypt,LMICs,1.44592,-0.0,Federal Ministry for Economic Cooperation and Development,
20929,Germany,Uganda,LDCs,0.109949,-0.0,Federal Ministry for Economic Cooperation and Development,
20930,Germany,Uganda,LDCs,0.12748099999999998,-0.0,Federal Ministry for Economic Cooperation and Development,
20931,Germany,Uganda,LDCs,0.0570022,-0.0,Federal Ministry for Economic Cooperation and Development,
20968,Germany,Uganda,LDCs,0.0120054,-0.0,Federal Ministry for Economic Cooperation and Development,
20970,Germany,Tanzania,LDCs,0.109029,-0.0,Federal Ministry for Economic Cooperation and Development,
21034,Germany,Egypt,LMICs,0.432813,-0.0,Federal Ministry for Economic Cooperation and Development,
21035,Germany,Egypt,LMICs,0.028057,-0.0,Federal Ministry for Economic Cooperation and Development,
21055,Germany,Bolivia,LMICs,0.0792931,-0.0,Federal Ministry for Economic Cooperation and Development,
21268,Germany,Kenya,LMICs,0.380125,-0.0,Federal Ministry for Economic Cooperation and Development,
21269,Germany,Uganda,LDCs,0.4189,-0.0,Federal Ministry for Economic Cooperation and Development,
21270,Germany,Tanzania,LDCs,0.325438,-0.0,Federal Ministry for Economic Cooperation and Development,
21614,Germany,Kenya,LMICs,0.12729100000000002,-0.0,Federal Ministry for Economic Cooperation and Development,
21792,Germany,Egypt,LMICs,0.6451859999999999,-0.0,Federal Ministry for Economic Cooperation and Development,
21806,Germany,Uganda,LDCs,0.133225,-0.0,Federal Ministry for Economic Cooperation and Development,
21807,Germany,Uganda,LDCs,0.103568,-0.0,Federal Ministry for Economic Cooperation and Development,
21808,Germany,Uganda,LDCs,0.254959,-0.0,Federal Ministry for Economic Cooperation and Development,
21809,Germany,Uganda,LDCs,0.396596,-0.0,Federal Ministry for Economic Cooperation and Development,
21810,Germany,Uganda,LDCs,0.6228239999999999,-0.0,Federal Ministry for Economic Cooperation and Development,
21823,Germany,Tanzania,LDCs,0.237734,-0.0,Federal Ministry for Economic Cooperation and Development,
21891,Germany,Bolivia,LMICs,0.107565,-0.0,Federal Ministry for Economic Cooperation and Development,
21892,Germany,Bolivia,LMICs,0.205018,-0.0,Federal Ministry for Economic Cooperation and Development,
21893,Germany,Bolivia,LMICs,0.0510204,-0.0,Federal Ministry for Economic Cooperation and Development,
21894,Germany,Bolivia,LMICs,0.104159,-0.0,Federal Ministry for Economic Cooperation and Development,
22188,Germany,Burundi,LDCs,0.0212696,-0.0,Federal Ministry for Economic Cooperation and Development,
22296,Germany,Uganda,LDCs,0.0764105,-0.0,Federal Ministry for Economic Cooperation and Development,
22666,Germany,Kenya,LMICs,0.12729100000000002,-0.0,Federal Ministry for Economic Cooperation and Development,
22667,Germany,Kenya,LMICs,0.158939,-0.0,Federal Ministry for Economic Cooperation and Development,
23240,Germany,Bolivia,LMICs,0.103875,-0.0,Federal Ministry for Economic Cooperation and Development,
23246,Germany,Tanzania,LDCs,0.101973,-0.0,Federal Ministry for Economic Cooperation and Development,
23269,Germany,Tanzania,LDCs,0.101973,-0.0,Federal Ministry for Economic Cooperation and Development,
23270,Germany,Tanzania,LDCs,0.0423496,-0.0,Federal Ministry for Economic Cooperation and Development,
25455,Germany,Tanzania,LDCs,0.00288772,-0.0,Public sector,
25871,Germany,Rwanda,LDCs,0.032311200000000005,-0.0,National NGOs,
26665,Germany,India,LMICs,0.0326639,-0.0,National NGOs,
27018,Germany,Kenya,LMICs,0.204865,-0.0,International Finance Corporation (IFC),
189587,Germany,Sudan,LDCs,0.408299,-0.0,National NGOs,
189637,Germany,India,LMICs,0.581724,-0.0,National NGOs,
189680,Germany,Sudan,LDCs,0.979918,-0.0,National NGOs,
189792,Germany,Kenya,LMICs,0.340249,-0.0,National NGOs,
189843,Germany,India,LMICs,0.0816598,-0.0,National NGOs,
663,Germany,Bangladesh,LDCs,0.00379009,-0.0,Public sector,
665,Germany,Uganda,LDCs,0.0062705,-0.0,Public sector,
668,Germany,Tanzania,LDCs,0.015024100000000004,-0.0,Public sector,
835,Germany,Tanzania,LDCs,0.0541251,-0.0,Higher education institution,
981,Germany,Bolivia,LMICs,0.0519467,-0.0,Public sector,
982,Germany,Bolivia,LMICs,0.0750535,-0.0,Public sector,
3796,Germany,Kenya,LMICs,0.200463,-0.0,National NGOs,
4411,Germany,Sudan,LDCs,0.00789826,-0.0,Public sector,
4412,Germany,Sudan,LDCs,0.022799400000000004,-0.0,Public sector,
4454,Germany,Uganda,LDCs,0.00441019,-0.0,National NGOs,
4769,Germany,Egypt,LMICs,17.8101,-0.0,KfW,2009-12-17
4770,Germany,Egypt,LMICs,17.8101,-0.0,KfW,2009-12-17
4771,Germany,Lebanon,UMICs,8.01853,-0.0,KfW,2009-12-29
4952,Germany,Egypt,LMICs,0.0964362,-0.0,Public sector,
5123,Germany,Kenya,LMICs,0.0252223,-0.0,Public sector,
6310,Germany,Bolivia,LMICs,0.106914,-0.0,National NGOs,
7357,Germany,Kenya,LMICs,0.0287316,-0.0,Public sector,
7358,Germany,Tanzania,LDCs,0.0449231,-0.0,Public sector,
7359,Germany,Tanzania,LDCs,0.0449231,-0.0,Public sector,
7362,Germany,Tanzania,LDCs,0.0968554,-0.0,Public sector,
9461,Germany,Bolivia,LMICs,0.00172399,-0.0,Public sector,
9462,Germany,Bolivia,LMICs,0.0945519,-0.0,Public sector,
9896,Germany,Kenya,LMICs,8.01853,-0.0,KfW,2009-08-11
41246,Germany,Uganda,LDCs,0.271968,-0.0,Public sector,
41248,Germany,Uganda,LDCs,0.16128199999999998,-0.0,Public sector,
41366,Germany,Tanzania,LDCs,0.0306308,-0.0,National NGOs,
41367,Germany,Uganda,LDCs,0.599626,-0.0,National NGOs,
41447,Germany,India,LMICs,0.00797845,-0.0,Public sector,
41448,Germany,India,LMICs,0.0118942,-0.0,Public sector,
41564,Germany,India,LMICs,0.0155025,-0.0,Public sector,
41565,Germany,India,LMICs,0.0378876,-0.0,Public sector,
41566,Germany,India,LMICs,0.0572523,-0.0,Public sector,
41567,Germany,India,LMICs,0.0739443,-0.0,Public sector,
41568,Germany,India,LMICs,0.0745456,-0.0,Public sector,
41624,Germany,Bolivia,LMICs,0.0165088,-0.0,Public sector,
41916,Germany,Uganda,LDCs,0.668211,-0.0,GTZ,
42058,Germany,Lebanon,UMICs,5.34569,-0.0,KfW,2009-10-23
42425,Germany,Sudan,LDCs,2.6728400000000003,-0.0,GTZ,
42428,Germany,Tanzania,LDCs,0.227367,-0.0,Public sector,
42558,Germany,Kenya,LMICs,0.348459,-0.0,Public sector,
42559,Germany,Uganda,LDCs,0.276063,-0.0,Public sector,
42658,Germany,Burundi,LDCs,5.15699,-0.0,KfW,2009-12-22
43546,Germany,India,LMICs,0.0558625,-0.0,Public sector,
43548,Germany,India,LMICs,0.00495813,-0.0,Public sector,
43863,Germany,Uganda,LDCs,0.130399,-0.0,Public sector,
43864,Germany,Kenya,LMICs,0.0612198,-0.0,Public sector,
43865,Germany,Kenya,LMICs,0.07850549999999999,-0.0,Public sector,
43866,Germany,India,LMICs,0.327424,-0.0,National NGOs,
43904,Germany,Uganda,LDCs,0.0714003,-0.0,Public sector,
43905,Germany,Tanzania,LDCs,0.11629,-0.0,Public sector,
43906,Germany,Uganda,LDCs,0.105234,-0.0,Public sector,
43908,Germany,Bolivia,LMICs,0.0926914,-0.0,Public sector,
43910,Germany,Bolivia,LMICs,0.0405525,-0.0,Public sector,
43911,Germany,Bolivia,LMICs,0.0237827,-0.0,Public sector,
43912,Germany,Bolivia,LMICs,0.0158551,-0.0,Public sector,
43918,Germany,Kenya,LMICs,0.131443,-0.0,Public sector,
43920,Germany,Kenya,LMICs,0.0813864,-0.0,Public sector,
43922,Germany,Uganda,LDCs,0.022305,-0.0,Public sector,
43926,Germany,Lebanon,UMICs,0.0504866,-0.0,Public sector,
43932,Germany,Kenya,LMICs,0.301256,-0.0,National NGOs,
44053,Germany,India,LMICs,0.00935496,-0.0,Federal State,
44552,Germany,Rwanda,LDCs,0.060433000000000014,-0.0,Federal State,
45970,Germany,Burundi,LDCs,1.3364200000000002,-0.0,GTZ,
46075,Germany,Bangladesh,LDCs,0.39812,-0.0,National NGOs,
46117,Germany,Egypt,LMICs,7.35032,-0.0,GTZ,
46756,Germany,Egypt,LMICs,17.3735,-0.0,KfW,2009-12-17
47018,Germany,Bolivia,LMICs,0.06202340000000001,-0.0,National NGOs,
47087,Germany,Egypt,LMICs,0.16853900000000002,-0.0,Public sector,
47191,Germany,Sudan,LDCs,0.100941,-0.0,National NGOs,
47324,Germany,Uganda,LDCs,0.118594,-0.0,Public sector,
47374,Germany,Uganda,LDCs,0.134498,-0.0,Public sector,
47376,Germany,Uganda,LDCs,0.127174,-0.0,Public sector,
47496,Germany,Sudan,LDCs,0.00286128,-0.0,Public sector,
47556,Germany,Rwanda,LDCs,0.00143265,-0.0,Public sector,
47849,Germany,Ethiopia,LDCs,0.00781941,-0.0,Public sector,
47850,Germany,Burundi,LDCs,0.00845153,-0.0,Public sector,
47851,Germany,Uganda,LDCs,0.011927600000000002,-0.0,Public sector,
47852,Germany,Kenya,LMICs,0.0140805,-0.0,Public sector,
48549,Germany,Tanzania,LDCs,0.0182823,-0.0,Public sector,
48573,Germany,Tanzania,LDCs,0.131277,-0.0,Public sector,
48574,Germany,Tanzania,LDCs,0.0830186,-0.0,Public sector,
48634,Germany,Tanzania,LDCs,0.935496,-0.0,National NGOs,
48834,Germany,Egypt,LMICs,0.0831789,-0.0,Public sector,
62222,Germany,Burundi,LDCs,0.174334,-0.0,Public sector,
62224,Germany,Tanzania,LDCs,0.302036,-0.0,Public sector,
62296,Germany,Kenya,LMICs,0.0801853,-0.0,National NGOs,
62574,Germany,Kenya,LMICs,0.0200463,-0.0,National NGOs,
62611,Germany,Egypt,LMICs,2.15829,-0.0,Public sector,
62654,Germany,Egypt,LMICs,0.008597200000000001,-0.0,Public sector,
62748,Germany,Lebanon,UMICs,0.00510113,-0.0,Public sector,
62812,Germany,Lebanon,UMICs,0.00510113,-0.0,Public sector,
62956,Germany,Egypt,LMICs,0.034105500000000004,-0.0,Public sector,
63059,Germany,Tanzania,LDCs,0.0469499,-0.0,National NGOs,
63227,Germany,Uganda,LDCs,13.3642,-0.0,KfW,2009-08-03
63980,Germany,India,LMICs,0.0477103,-0.0,National NGOs,
64074,Germany,Uganda,LDCs,0.00334106,-0.0,National NGOs,
65078,Germany,Tanzania,LDCs,0.255257,-0.0,National NGOs,
19703,Germany,Bolivia,LMICs,0.000424927,-0.0,Public sector institutions,
19709,Germany,Bolivia,LMICs,0.106856,-0.0,Public sector institutions,
19711,Germany,Bolivia,LMICs,6.63999e-05,-0.0,Public sector institutions,
19715,Germany,Bolivia,LMICs,0.0992473,-0.0,Public sector institutions,
19719,Germany,Bolivia,LMICs,0.046357,-0.0,Public sector institutions,
19720,Germany,Bolivia,LMICs,0.00547095,-0.0,Public sector institutions,
19816,Germany,Tanzania,LDCs,0.0844271,-0.0,Public sector institutions,
19817,Germany,Tanzania,LDCs,0.116727,-0.0,Public sector institutions,
19818,Germany,Tanzania,LDCs,0.0677975,-0.0,Public sector institutions,
19962,Germany,Egypt,LMICs,0.00220432,-0.0,Public sector institutions,
19967,Germany,Egypt,LMICs,0.08782739999999999,-0.0,Public sector institutions,
19978,Germany,India,LMICs,0.00733001,-0.0,Public sector institutions,
19981,Germany,India,LMICs,0.0147131,-0.0,Public sector institutions,
19987,Germany,India,LMICs,0.0797404,-0.0,Public sector institutions,
19995,Germany,India,LMICs,0.00791429,-0.0,Public sector institutions,
20306,Germany,Sudan,LDCs,0.100376,-0.0,Public sector institutions,
20460,Germany,Tanzania,LDCs,0.0879867,-0.0,Public sector institutions,
20462,Germany,Tanzania,LDCs,0.00408993,-0.0,Public sector institutions,
20464,Germany,Tanzania,LDCs,0.0123893,-0.0,Public sector institutions,
20467,Germany,Tanzania,LDCs,0.077722,-0.0,Public sector institutions,
20468,Germany,Tanzania,LDCs,0.0296122,-0.0,Public sector institutions,
20471,Germany,Tanzania,LDCs,0.0217245,-0.0,Public sector institutions,
21010,Germany,Tanzania,LDCs,0.0497963,-0.0,Donor country-based NGO,
21020,Germany,Ethiopia,LDCs,0.145777,-0.0,Donor country-based NGO,
21031,Germany,Tanzania,LDCs,0.0271888,-0.0,Donor country-based NGO,
21041,Germany,Ethiopia,LDCs,0.335541,-0.0,Donor country-based NGO,
21522,Germany,Rwanda,LDCs,0.00980522,-0.0,Public sector institutions,
21528,Germany,Kenya,LMICs,0.0259299,-0.0,Public sector institutions,
21530,Germany,Uganda,LDCs,0.0107148,-0.0,Public sector institutions,
21532,Germany,Tanzania,LDCs,0.0450889,-0.0,Public sector institutions,
21592,Germany,Bolivia,LMICs,0.0323437,-0.0,Public sector institutions,
21823,Germany,Kenya,LMICs,0.0297184,-0.0,Donor country-based NGO,
21838,Germany,Tanzania,LDCs,0.0308697,-0.0,Donor country-based NGO,
22707,Germany,Bolivia,LMICs,0.103366,-0.0,Public sector institutions,
22708,Germany,Bolivia,LMICs,0.0172262,-0.0,Public sector institutions,
22709,Germany,Bolivia,LMICs,0.103075,-0.0,Public sector institutions,
22710,Germany,Bolivia,LMICs,0.08104810000000001,-0.0,Public sector institutions,
22765,Germany,Kenya,LMICs,0.137747,-0.0,Public sector institutions,
22766,Germany,Kenya,LMICs,0.192951,-0.0,Public sector institutions,
24459,Germany,Sudan,LDCs,1.3279,-0.0,GTZ,
24648,Germany,Burundi,LDCs,17.2627,-0.0,KfW,2010-07-27
26253,Germany,Tanzania,LDCs,0.0199185,-0.0,Federal State,
26451,Germany,Bangladesh,LDCs,0.0597555,-0.0,Higher education institution,
26699,Germany,Uganda,LDCs,0.00995925,-0.0,Donor country-based NGO,
26704,Germany,Tanzania,LDCs,0.013279,-0.0,Federal State,
26740,Germany,Burundi,LDCs,0.013279,-0.0,Donor country-based NGO,
26805,Germany,Ethiopia,LDCs,0.0628677,-0.0,Public sector institutions,
27678,Germany,Tanzania,LDCs,53.11600000000001,-0.0,KfW,2010-02-16
27745,Germany,Tanzania,LDCs,5.3116,-0.0,GTZ,
27938,Germany,Tanzania,LDCs,0.317538,-0.0,Public sector institutions,
28010,Germany,Kenya,LMICs,0.06644689999999999,-0.0,Public sector institutions,
28052,Germany,Uganda,LDCs,0.109809,-0.0,Public sector institutions,
28338,Germany,Tanzania,LDCs,0.026558,-0.0,Donor country-based NGO,
28436,Germany,Bolivia,LMICs,2.6558,-0.0,KfW,2010-06-10
28441,Germany,Egypt,LMICs,6.6395,-0.0,KfW,2010-12-13
28794,Germany,Uganda,LDCs,7.9674,-0.0,GTZ,
28844,Germany,Kenya,LMICs,7.9674,-0.0,GTZ,
29271,Germany,Bangladesh,LDCs,0.027388,-0.0,Donor country-based NGO,
29617,Germany,India,LMICs,0.548309,-0.0,Donor country-based NGO,
29621,Germany,Uganda,LDCs,0.0440358,-0.0,Donor country-based NGO,
29627,Germany,Kenya,LMICs,0.0298393,-0.0,Donor country-based NGO,
29875,Germany,Sudan,LDCs,0.0497963,-0.0,Donor country-based NGO,
29890,Germany,Uganda,LDCs,0.0762202,-0.0,Donor country-based NGO,
30251,Germany,Egypt,LMICs,0.00741101,-0.0,Public sector institutions,
30252,Germany,Sudan,LDCs,0.00409923,-0.0,Public sector institutions,
30253,Germany,Kenya,LMICs,0.356248,-0.0,Public sector institutions,
30254,Germany,Uganda,LDCs,0.344281,-0.0,Public sector institutions,
30255,Germany,Tanzania,LDCs,0.21446,-0.0,Public sector institutions,
30266,Germany,Egypt,LMICs,0.318915,-0.0,Public sector institutions,
30267,Germany,Kenya,LMICs,0.023574200000000003,-0.0,Public sector institutions,
30268,Germany,Uganda,LDCs,0.0124862,-0.0,Public sector institutions,
30269,Germany,Tanzania,LDCs,0.015176599999999997,-0.0,Public sector institutions,
30271,Germany,Lebanon,UMICs,0.0369077,-0.0,Public sector institutions,
30477,Germany,Egypt,LMICs,1.32726,-0.0,Public sector institutions,
30656,Germany,Uganda,LDCs,0.151813,-0.0,Public sector institutions,
30657,Germany,Uganda,LDCs,0.10976500000000003,-0.0,Public sector institutions,
30658,Germany,Uganda,LDCs,0.13868,-0.0,Public sector institutions,
30659,Germany,Uganda,LDCs,0.136568,-0.0,Public sector institutions,
30660,Germany,Uganda,LDCs,0.00162047,-0.0,Public sector institutions,
30691,Germany,Tanzania,LDCs,0.0535979,-0.0,Public sector institutions,
30754,Germany,Lebanon,UMICs,0.194216,-0.0,Public sector institutions,
30833,Germany,Burundi,LDCs,0.588159,-0.0,Public sector institutions,
30849,Germany,Kenya,LMICs,0.13886600000000002,-0.0,Public sector institutions,
30861,Germany,Kenya,LMICs,0.00735966,-0.0,Public sector institutions,
30912,Germany,Kenya,LMICs,0.12725899999999998,-0.0,Public sector institutions,
31082,Germany,Tanzania,LDCs,0.00476686,-0.0,Public sector institutions,
31107,Germany,Tanzania,LDCs,0.01599,-0.0,Public sector institutions,
31108,Germany,Uganda,LDCs,0.104026,-0.0,Public sector institutions,
31123,Germany,Tanzania,LDCs,0.00534306,-0.0,Public sector institutions,
31124,Germany,Uganda,LDCs,0.0152477,-0.0,Public sector institutions,
31165,Germany,Burundi,LDCs,0.0435793,-0.0,Public sector institutions,
31210,Germany,Egypt,LMICs,0.0964454,-0.0,Public sector institutions,
31218,Germany,Egypt,LMICs,0.0107958,-0.0,Public sector institutions,
31221,Germany,Egypt,LMICs,0.00844545,-0.0,Public sector institutions,
31223,Germany,Egypt,LMICs,0.06193330000000001,-0.0,Public sector institutions,
31292,Germany,Tanzania,LDCs,0.0039837,-0.0,Public sector institutions,
31293,Germany,Tanzania,LDCs,0.00848529,-0.0,Public sector institutions,
31295,Germany,Tanzania,LDCs,0.0506594,-0.0,Public sector institutions,
31296,Germany,Tanzania,LDCs,0.091001,-0.0,Public sector institutions,
31575,Germany,Uganda,LDCs,0.135194,-0.0,Public sector institutions,
31577,Germany,Uganda,LDCs,0.168298,-0.0,Public sector institutions,
31582,Germany,Uganda,LDCs,0.0823962,-0.0,Public sector institutions,
31585,Germany,Uganda,LDCs,0.0151381,-0.0,Public sector institutions,
33281,Germany,Tanzania,LDCs,0.0464765,-0.0,Higher education institution,
33409,Germany,India,LMICs,0.000219101,-0.0,Higher education institution,
33440,Germany,India,LMICs,0.0464765,-0.0,Donor country-based NGO,
33474,Germany,Rwanda,LDCs,0.038469800000000005,-0.0,Donor country-based NGO,
19301,Germany,Uganda,LDCs,0.0409811,-0.0,GIZ,
19302,Germany,Uganda,LDCs,0.00247098,-0.0,GIZ,
19321,Germany,Tanzania,LDCs,0.356545,-0.0,GIZ,
19322,Germany,Tanzania,LDCs,0.0214982,-0.0,GIZ,
19333,Germany,Tanzania,LDCs,0.116693,-0.0,GIZ,
19334,Germany,Tanzania,LDCs,0.00703609,-0.0,GIZ,
19335,Germany,Tanzania,LDCs,0.123692,-0.0,GIZ,
19336,Germany,Tanzania,LDCs,0.00745812,-0.0,GIZ,
19337,Germany,Tanzania,LDCs,0.0230188,-0.0,GIZ,
19338,Germany,Tanzania,LDCs,0.00138794,-0.0,GIZ,
19341,Germany,Tanzania,LDCs,0.116693,-0.0,GIZ,
19342,Germany,Tanzania,LDCs,0.00703609,-0.0,GIZ,
19343,Germany,Tanzania,LDCs,0.00646763,-0.0,GIZ,
19344,Germany,Tanzania,LDCs,0.000389974,-0.0,GIZ,
19350,Germany,Kenya,LMICs,0.0231588,-0.0,GIZ,
19351,Germany,Kenya,LMICs,0.00139639,-0.0,GIZ,
19478,Germany,Kenya,LMICs,0.00411853,-0.0,GIZ,
19620,Germany,Bolivia,LMICs,0.0113116,-0.0,GIZ,
19621,Germany,Bolivia,LMICs,0.000682048,-0.0,GIZ,
19622,Germany,Bolivia,LMICs,0.102607,-0.0,GIZ,
19623,Germany,Bolivia,LMICs,0.0061868,-0.0,GIZ,
19624,Germany,Bolivia,LMICs,0.07224680000000001,-0.0,GIZ,
19625,Germany,Bolivia,LMICs,0.00435619,-0.0,GIZ,
19626,Germany,Bolivia,LMICs,0.0205215,-0.0,GIZ,
19627,Germany,Bolivia,LMICs,0.00123736,-0.0,GIZ,
19683,Germany,Bolivia,LMICs,0.0955794,-0.0,GIZ,
19956,Germany,Egypt,LMICs,0.282798,-0.0,GIZ,
19960,Germany,Egypt,LMICs,6.56837,-0.0,GIZ,
20226,Germany,Lebanon,UMICs,3.94102,-0.0,GIZ,
20370,Germany,Tanzania,LDCs,0.8571059999999999,-0.0,GIZ,
20372,Germany,Kenya,LMICs,0.129521,-0.0,GIZ,
20373,Germany,Uganda,LDCs,0.16972,-0.0,GIZ,
20374,Germany,Tanzania,LDCs,0.102414,-0.0,GIZ,
20380,Germany,Kenya,LMICs,0.893352,-0.0,GIZ,
20439,Germany,Egypt,LMICs,5.2547,-0.0,GIZ,
20624,Germany,Rwanda,LDCs,0.00236635,-0.0,GIZ,
20625,Germany,Burundi,LDCs,0.00236635,-0.0,GIZ,
20632,Germany,Kenya,LMICs,0.0969734,-0.0,GIZ,
20633,Germany,Uganda,LDCs,0.0118271,-0.0,GIZ,
20635,Germany,Tanzania,LDCs,0.0165574,-0.0,GIZ,
24524,Germany,Bolivia,LMICs,0.533828,-0.0,Donor country-based NGO,
24848,Germany,Burundi,LDCs,0.699595,-0.0,GIZ,
24851,Germany,Burundi,LDCs,0.0421827,-0.0,GIZ,
24852,Germany,Burundi,LDCs,0.15100999999999998,-0.0,GIZ,
24853,Germany,Burundi,LDCs,0.00910528,-0.0,GIZ,
25753,Germany,Bolivia,LMICs,13.1367,-0.0,KfW,2011-11-03
25808,Germany,Bolivia,LMICs,0.919572,-0.0,KfW,2011-12-22
25840,Germany,Kenya,LMICs,1.31367,-0.0,KfW,2011-12-30
26517,Germany,Kenya,LMICs,0.00880163,-0.0,Donor country-based NGO,
26521,Germany,Bolivia,LMICs,0.0109035,-0.0,Donor country-based NGO,
26522,Germany,Bolivia,LMICs,0.0109035,-0.0,Donor country-based NGO,
26526,Germany,Tanzania,LDCs,0.00105094,-0.0,Donor country-based NGO,
26965,Germany,India,LMICs,0.133995,-0.0,Donor country-based NGO,
26985,Germany,Rwanda,LDCs,0.328419,-0.0,Donor country-based NGO,
27124,Germany,Kenya,LMICs,0.328419,-0.0,Donor country-based NGO,
27230,Germany,Bolivia,LMICs,0.209789,-0.0,Donor country-based NGO,
27309,Germany,Colombia,UMICs,0.13301,-0.0,Donor country-based NGO,
27361,Germany,Ethiopia,LDCs,0.459786,-0.0,Donor country-based NGO,
27414,Germany,Ethiopia,LDCs,0.394102,-0.0,Donor country-based NGO,
27463,Germany,India,LMICs,0.144504,-0.0,Donor country-based NGO,
28024,Germany,Bolivia,LMICs,4.5283,-0.0,KfW,2011-11-03
28026,Germany,Bolivia,LMICs,11.688,-0.0,KfW,2011-11-03
28276,Germany,Kenya,LMICs,43.3513,-0.0,KfW,2011-12-30
28277,Germany,Kenya,LMICs,15.7641,-0.0,KfW,2011-04-12
28280,Germany,Uganda,LDCs,26.2735,-0.0,KfW,2011-04-28
28291,Germany,Lebanon,UMICs,9.19572,-0.0,KfW,2011-11-23
28361,Germany,Egypt,LMICs,0.187997,-0.0,GIZ,
28362,Germany,Kenya,LMICs,0.0323907,-0.0,GIZ,
28363,Germany,Uganda,LDCs,0.0167069,-0.0,GIZ,
28364,Germany,Tanzania,LDCs,0.0163729,-0.0,GIZ,
28367,Germany,Lebanon,UMICs,0.00572549,-0.0,GIZ,
28829,Germany,Kenya,LMICs,0.128075,-0.0,GIZ,
28830,Germany,Kenya,LMICs,0.007722399999999998,-0.0,GIZ,
28836,Germany,Kenya,LMICs,0.0456721,-0.0,GIZ,
28837,Germany,Kenya,LMICs,0.00275384,-0.0,GIZ,
28842,Germany,Kenya,LMICs,0.00747603,-0.0,GIZ,
28843,Germany,Kenya,LMICs,0.000450771,-0.0,GIZ,
28858,Germany,Kenya,LMICs,0.0984482,-0.0,GIZ,
28859,Germany,Kenya,LMICs,0.00593602,-0.0,GIZ,
28860,Germany,Kenya,LMICs,0.183615,-0.0,GIZ,
28861,Germany,Kenya,LMICs,0.0110712,-0.0,GIZ,
28866,Germany,Kenya,LMICs,0.0288725,-0.0,GIZ,
28867,Germany,Kenya,LMICs,0.0017409000000000005,-0.0,GIZ,
28871,Germany,Kenya,LMICs,0.0322819,-0.0,GIZ,
28872,Germany,Kenya,LMICs,0.00194648,-0.0,GIZ,
28873,Germany,Uganda,LDCs,0.0896276,-0.0,GIZ,
28874,Germany,Uganda,LDCs,0.00540418,-0.0,GIZ,
28875,Germany,Uganda,LDCs,0.0625035,-0.0,GIZ,
28876,Germany,Uganda,LDCs,0.00376869,-0.0,GIZ,
28877,Germany,Uganda,LDCs,0.143736,-0.0,GIZ,
28878,Germany,Uganda,LDCs,0.00866668,-0.0,GIZ,
28879,Germany,Uganda,LDCs,0.116443,-0.0,GIZ,
28880,Germany,Uganda,LDCs,0.00702106,-0.0,GIZ,
28881,Germany,Uganda,LDCs,0.00253512,-0.0,GIZ,
28895,Germany,Uganda,LDCs,0.0114211,-0.0,GIZ,
28896,Germany,Uganda,LDCs,0.189417,-0.0,GIZ,
28897,Germany,Uganda,LDCs,0.00547819,-0.0,GIZ,
28898,Germany,Uganda,LDCs,0.0908549,-0.0,GIZ,
28899,Germany,Uganda,LDCs,0.00664143,-0.0,GIZ,
28927,Germany,Uganda,LDCs,0.110147,-0.0,GIZ,
29024,Germany,Bolivia,LMICs,0.00576305,-0.0,GIZ,
29043,Germany,Bolivia,LMICs,0.0518492,-0.0,GIZ,
29044,Germany,Bolivia,LMICs,0.0031263000000000003,-0.0,GIZ,
29053,Germany,Lebanon,UMICs,0.200589,-0.0,GIZ,
29054,Germany,Lebanon,UMICs,0.0120947,-0.0,GIZ,
29321,Germany,Burundi,LDCs,5.96868,-0.0,GIZ,
29377,Germany,Bolivia,LMICs,0.161432,-0.0,GIZ,
29468,Germany,India,LMICs,6.30564,-0.0,GIZ,
29472,Germany,Uganda,LDCs,1.18446,-0.0,GIZ,
30294,Germany,Ethiopia,LDCs,0.0272706,-0.0,Donor country-based NGO,
30687,Germany,Kenya,LMICs,0.0216428,-0.0,Donor country-based NGO,
30915,Germany,Tanzania,LDCs,0.155603,-0.0,Donor country-based NGO,
31923,Germany,India,LMICs,0.07831210000000001,-0.0,"University, college or other teaching institution, research institute or think tank",
31924,Germany,India,LMICs,0.07779960000000001,-0.0,"University, college or other teaching institution, research institute or think tank",
31925,Germany,India,LMICs,0.0637224,-0.0,"University, college or other teaching institution, research institute or think tank",
32205,Germany,Tanzania,LDCs,0.0197051,-0.0,Federal State,
32315,Germany,Sudan,LDCs,0.00420901,-0.0,Donor country-based NGO,
32318,Germany,Tanzania,LDCs,0.0197051,-0.0,Public sector institutions,
16823,Germany,Tanzania,LDCs,0.108731,-0.0,Donor country-based NGO,2012-03-12
17336,Germany,Tanzania,LDCs,0.0316678,-0.0,Donor country-based NGO,2012-08-07
18478,Germany,Uganda,LDCs,0.0524237,-0.0,Donor country-based NGO,2012-10-29
19539,Germany,Uganda,LDCs,0.26406,-0.0,Donor country-based NGO,2012-01-05
21713,Germany,Lebanon,UMICs,0.278298,-0.0,Donor country-based NGO,2012-08-06
22446,Germany,Burundi,LDCs,0.191855,-0.0,Donor country-based NGO,2012-11-30
27465,Germany,Ethiopia,LDCs,0.0072707,-0.0,Donor country-based NGO,2010-08-10
39281,Germany,Egypt,LMICs,5.17764,-0.0,GIZ,2012-08-30
41129,Germany,Egypt,LMICs,0.115058,-0.0,"University, college or other teaching institution, research institute or think tank",2012-02-24
41623,Germany,India,LMICs,0.00580311,-0.0,"University, college or other teaching institution, research institute or think tank",2012-01-16
41626,Germany,India,LMICs,0.00127516,-0.0,"University, college or other teaching institution, research institute or think tank",2012-01-11
42065,Germany,India,LMICs,0.0506167,-0.0,"University, college or other teaching institution, research institute or think tank",2012-07-18
42083,Germany,India,LMICs,0.0359898,-0.0,"University, college or other teaching institution, research institute or think tank",2012-09-04
46702,Germany,Tanzania,LDCs,0.0102744,-0.0,Federal State,2012-02-01
47318,Germany,India,LMICs,0.0453044,-0.0,Donor country-based NGO,2012-02-24
50369,Germany,Bolivia,LMICs,0.0183806,-0.0,Donor country-based NGO,2011-07-04
50912,Germany,Rwanda,LDCs,0.0108581,-0.0,Donor country-based NGO,2012-01-01
51099,Germany,Sudan,LDCs,0.0244644,-0.0,Donor country-based NGO,2012-12-20
51373,Germany,Tanzania,LDCs,0.0362111,-0.0,Donor country-based NGO,2012-12-20
173701,Germany,Uganda,LDCs,25.8882,-0.0,KfW,2012-06-27
174136,Germany,Egypt,LMICs,3.88323,-0.0,KfW,2012-12-19
174308,Germany,Egypt,LMICs,15.5329,-0.0,KfW,2012-12-19
174995,Germany,India,LMICs,1.29441,-0.0,KfW,2012-03-30
178237,Germany,Tanzania,LDCs,25.8882,-0.0,KfW,2012-12-06
181711,Germany,India,LMICs,129.441,-0.0,KfW,2012-02-09
197138,Germany,Egypt,LMICs,0.258882,-0.0,GIZ,2011-05-20
197353,Germany,Uganda,LDCs,0.517764,-0.0,GIZ,2010-10-28
197500,Germany,Kenya,LMICs,0.517764,-0.0,GIZ,2010-11-17
197833,Germany,India,LMICs,0.6472060000000001,-0.0,GIZ,2011-02-11
199235,Germany,Bolivia,LMICs,3.88323,-0.0,GIZ,2012-10-22
72694,Germany,Egypt,LMICs,1.38558,-0.0,KfW,2013-07-29
80801,Germany,Bolivia,LMICs,19.0419,-0.0,KfW,2013-09-05
83878,Germany,Burundi,LDCs,21.5809,-0.0,KfW,2013-01-22
85398,Germany,Burundi,LDCs,19.0419,-0.0,KfW,2013-12-13
85773,Germany,Tanzania,LDCs,19.0419,-0.0,KfW,2013-12-16
106020,Germany,Egypt,LMICs,3.80839,-0.0,GIZ,2013-12-31
106547,Germany,Egypt,LMICs,1.26946,-0.0,GIZ,2013-12-31
107089,Germany,Tanzania,LDCs,12.6946,-0.0,GIZ,2013-03-11
109995,Germany,Burundi,LDCs,5.07785,-0.0,GIZ,2013-01-08
110036,Germany,Egypt,LMICs,5.29366,-0.0,GIZ,2013-12-31
124454,Germany,Ethiopia,LDCs,0.0554552,-0.0,Donor country-based NGO,2013-03-21
124594,Germany,India,LMICs,0.0185862,-0.0,Donor country-based NGO,2013-06-12
124826,Germany,Tanzania,LDCs,0.410176,-0.0,Donor country-based NGO,2013-10-10
126779,Germany,Rwanda,LDCs,0.437964,-0.0,Donor country-based NGO,2013-12-18
126867,Germany,Kenya,LMICs,0.0462211,-0.0,Donor country-based NGO,2013-11-24
127615,Germany,Colombia,UMICs,0.224695,-0.0,Donor country-based NGO,2013-08-21
129428,Germany,Uganda,LDCs,0.393533,-0.0,Donor country-based NGO,2013-10-31
136612,Germany,Burundi,LDCs,7.61677,-0.0,GIZ,2013-04-22
136739,Germany,India,LMICs,0.510063,-0.0,Teaching institution/Research and development institute,2013-05-28
136740,Germany,India,LMICs,0.332694,-0.0,Higher education institution,2013-05-28
136750,Germany,India,LMICs,0.414071,-0.0,Higher education institution,2013-05-28
137399,Germany,Egypt,LMICs,0.00128434,-0.0,Other,2013-12-31
138819,Germany,Rwanda,LDCs,0.204711,-0.0,KfW,2013-12-31
139160,Germany,India,LMICs,0.0248063,-0.0,Higher education institution,2013-02-26
140207,Germany,India,LMICs,1.26846,-0.0,Teaching institution/Research and development institute,2013-04-24
140209,Germany,India,LMICs,0.313026,-0.0,Higher education institution,2013-04-23
140212,Germany,India,LMICs,0.295516,-0.0,Other,2013-04-24
140214,Germany,India,LMICs,0.186686,-0.0,Other,2013-04-24
140221,Germany,India,LMICs,0.253867,-0.0,Other,2013-04-24
140227,Germany,India,LMICs,0.07338760000000001,-0.0,Other,2013-05-31
141468,Germany,Kenya,LMICs,0.00634731,-0.0,Donor country-based NGO,2013-01-01
141822,Germany,Tanzania,LDCs,0.0188832,-0.0,Federal State,2013-01-01
141860,Germany,Rwanda,LDCs,0.177682,-0.0,Federal State,2013-12-31
141863,Germany,Tanzania,LDCs,0.403689,-0.0,Federal State,2013-12-31
142827,Germany,Tanzania,LDCs,0.0195497,-0.0,Donor country-based NGO,2013-08-14
143066,Germany,Tanzania,LDCs,0.0190419,-0.0,Other,2013-11-20
143617,Germany,India,LMICs,0.0596647,-0.0,GIZ,2013-04-15
20993,Germany,Tanzania,LDCs,0.0247157,-0.0,City State of Hamburg,2014-01-01
22874,Germany,Uganda,LDCs,0.00508811,-0.0,Donor country-based NGO,2014-12-31
22877,Germany,Ethiopia,LDCs,0.0249234,-0.0,Donor country-based NGO,2014-10-24
23805,Germany,India,LMICs,0.0623085,-0.0,GIZ,2014-05-16
23829,Germany,India,LMICs,0.0498468,-0.0,GIZ,2014-12-10
167908,Germany,Egypt,LMICs,2.49234,-0.0,KfW,2014-04-30
168926,Germany,Lebanon,UMICs,8.723189999999999,-0.0,KfW,2014-11-27
170622,Germany,Uganda,LDCs,12.4617,-0.0,KfW,2014-12-10
170631,Germany,Uganda,LDCs,12.4617,-0.0,KfW,2014-12-10
172579,Germany,Kenya,LMICs,31.1543,-0.0,KfW,2014-06-26
175982,Germany,Egypt,LMICs,67.4801,-0.0,KfW,2014-04-30
187276,Germany,Bolivia,LMICs,5.35853,-0.0,GIZ,2014-12-31
187683,Germany,Burundi,LDCs,11.8386,-0.0,GIZ,2014-12-31
190344,Germany,Uganda,LDCs,11.5894,-0.0,GIZ,2014-05-08
190423,Germany,India,LMICs,4.98468,-0.0,GIZ,2014-03-06
190531,Germany,Kenya,LMICs,7.78856,-0.0,GIZ,2014-01-01
213254,Germany,Kenya,LMICs,0.17266199999999998,-0.0,Donor country-based NGO,2014-07-25
213434,Germany,Uganda,LDCs,0.0418439,-0.0,Donor country-based NGO,2014-07-22
213557,Germany,Ethiopia,LDCs,0.0989933,-0.0,Donor country-based NGO,2014-07-30
213583,Germany,Ethiopia,LDCs,0.0461706,-0.0,Donor country-based NGO,2014-08-06
213920,Germany,Ethiopia,LDCs,0.913443,-0.0,Donor country-based NGO,2014-11-19
215154,Germany,Colombia,UMICs,0.317773,-0.0,Donor country-based NGO,2014-10-16
215435,Germany,Kenya,LMICs,0.8399190000000001,-0.0,Donor country-based NGO,2014-12-09
215445,Germany,Kenya,LMICs,0.398774,-0.0,Donor country-based NGO,2014-12-09
215714,Germany,Bangladesh,LDCs,0.23160100000000006,-0.0,Donor country-based NGO,2014-11-28
216458,Germany,Ethiopia,LDCs,0.5005689999999999,-0.0,Donor country-based NGO,2014-09-23
216477,Germany,India,LMICs,0.996936,-0.0,Donor country-based NGO,2014-10-29
30336,Germany,India,LMICs,3.67485,-0.0,GIZ,2015-08-31
30496,Germany,Lebanon,UMICs,0.0145502,-0.0,GIZ,2015-12-31
31848,Germany,Kenya,LMICs,0.167255,-0.0,Donor country-based NGO,2015-04-29
31923,Germany,Egypt,LMICs,0.288946,-0.0,Teaching institution/Research and development institute,2015-07-01
31952,Germany,Bangladesh,LDCs,0.173549,-0.0,Donor country-based NGO,2015-07-06
31954,Germany,Uganda,LDCs,0.211114,-0.0,Donor country-based NGO,2015-08-05
32098,Germany,Ethiopia,LDCs,0.452917,-0.0,Donor country-based NGO,2015-09-29
32779,Germany,Lebanon,UMICs,4.8998,-0.0,GIZ,2015-12-18
32867,Germany,Kenya,LMICs,0.881964,-0.0,Donor country-based NGO,2015-12-04
50407,Germany,Uganda,LDCs,0.208242,-0.0,Donor country-based NGO,2015-02-11
50436,Germany,Uganda,LDCs,0.926063,-0.0,Donor country-based NGO,2015-03-19
50437,Germany,Uganda,LDCs,0.741095,-0.0,Donor country-based NGO,2015-03-19
56737,Germany,India,LMICs,0.330737,-0.0,Higher education institution,2015-05-29
56738,Germany,India,LMICs,0.438788,-0.0,Donor country-based NGO,2015-05-29
56739,Germany,India,LMICs,0.253065,-0.0,Higher education institution,2015-05-29
56740,Germany,India,LMICs,0.0918394,-0.0,Other,2015-05-29
58477,Germany,Egypt,LMICs,0.119118,-0.0,Higher education institution,2015-12-31
58484,Germany,Egypt,LMICs,0.122493,-0.0,Teaching institution/Research and development institute,2015-12-31
58723,Germany,Bangladesh,LDCs,0.038303,-0.0,Higher education institution,2015-12-31
58798,Germany,India,LMICs,0.180658,-0.0,Higher education institution,2015-08-28
58799,Germany,India,LMICs,0.183744,-0.0,Higher education institution,2015-09-30
62160,Germany,Egypt,LMICs,7.3497,-0.0,GIZ,2015-06-15
62161,Germany,Egypt,LMICs,7.3497,-0.0,GIZ,2015-06-19
71768,Germany,Tanzania,LDCs,0.010629,-0.0,City State of Hamburg,2015-01-01
71792,Germany,Tanzania,LDCs,0.790795,-0.0,City State of Hamburg,2015-12-31
72202,Germany,Tanzania,LDCs,0.00612475,-0.0,Donor country-based NGO,2015-12-31
72731,Germany,Bolivia,LMICs,24.499,-0.0,KfW,2015-06-24
72783,Germany,Kenya,LMICs,10.4121,-0.0,KfW,2015-02-26
72785,Germany,Kenya,LMICs,34.2986,-0.0,KfW,2015-09-28
72786,Germany,Uganda,LDCs,28.1739,-0.0,KfW,2015-12-04
72845,Germany,Bolivia,LMICs,1.22495,-0.0,KfW,2015-09-24
72863,Germany,Tanzania,LDCs,8.57465,-0.0,KfW,2015-12-21
72930,Germany,Tanzania,LDCs,12.2495,-0.0,KfW,2015-12-21
774,Germany,Ethiopia,LDCs,3.63203,-0.0,United Nations Office of the United Nations High Commissioner for Refugees (UNHCR),2016-05-10
1031,Germany,Kenya,LMICs,1.1562,-0.0,GIZ,2016-09-26
1102,Germany,Bolivia,LMICs,8.47475,-0.0,GIZ,2016-06-09
1103,Germany,Bolivia,LMICs,3.63203,-0.0,GIZ,2016-11-07
18599,Germany,Ethiopia,LDCs,7.86941,-0.0,United Nations Children's Fund (UNICEF),2016-12-13
19044,Germany,India,LMICs,0.213643,-0.0,Other non-bank entity in provider country,2016-04-06
19620,Germany,Tanzania,LDCs,11.5014,-0.0,GIZ,2016-01-06
19654,Germany,India,LMICs,3.63203,-0.0,GIZ,2016-12-31
20183,Germany,India,LMICs,0.423088,-0.0,Teaching institution/Research and development institute,2016-07-14
20184,Germany,India,LMICs,0.274273,-0.0,Teaching institution/Research and development institute,2016-06-14
20273,Germany,India,LMICs,0.0724326,-0.0,Teaching institution/Research and development institute,2016-12-31
20292,Germany,Kenya,LMICs,0.0577736,-0.0,Teaching institution/Research and development institute,2016-04-06
20951,Germany,Kenya,LMICs,0.113066,-0.0,Donor Government,2016-06-24
22809,Germany,Burundi,LDCs,0.591845,-0.0,Donor Government,2016-01-01
23160,Germany,Uganda,LDCs,21.7922,-0.0,Central Government,2016-11-25
25424,Germany,Bangladesh,LDCs,0.0553122,-0.0,Donor country-based NGO,2016-07-11
25425,Germany,Kenya,LMICs,0.0226512,-0.0,Donor country-based NGO,2016-11-23
25504,Germany,Uganda,LDCs,0.617446,-0.0,Donor country-based NGO,2016-11-29
25510,Germany,India,LMICs,0.29572,-0.0,Donor country-based NGO,2016-04-12
25529,Germany,Tanzania,LDCs,0.124472,-0.0,Donor country-based NGO,2016-04-01
25777,Germany,Ethiopia,LDCs,0.835368,-0.0,Donor country-based NGO,2016-03-17
25842,Germany,Colombia,UMICs,0.133175,-0.0,Donor country-based NGO,2016-10-06
30373,Germany,India,LMICs,0.06958980000000001,-0.0,Higher education institution,2016-12-31
30507,Germany,India,LMICs,0.479639,-0.0,Higher education institution,2016-07-21
30560,Germany,India,LMICs,0.0272501,-0.0,Higher education institution,2016-12-31
30561,Germany,India,LMICs,0.052295600000000005,-0.0,Higher education institution,2016-12-31
86944,Germany,Rwanda,LDCs,0.371409,0.0,Donor country-based NGO,2017-03-02
87324,Germany,Ethiopia,LDCs,0.203673,0.0,"University, college or other teaching institution, research institute or think tank",2017-01-24
87372,Germany,Bolivia,LMICs,5.99046,0.0,Central Government,2017-12-19
87751,Germany,India,LMICs,0.06275990000000001,0.0,GIZ,2017-01-01
87863,Germany,Uganda,LDCs,0.474445,0.0,Donor country-based NGO,2017-03-02
88273,Germany,Kenya,LMICs,4.2472400000000015,0.0,GIZ,2017-12-31
88624,Germany,India,LMICs,0.179699,0.0,Higher education institution,2017-03-16
89219,Germany,India,LMICs,0.273075,0.0,Donor country-based NGO,2017-01-01
89791,Germany,Burundi,LDCs,2.40954,0.0,Central Government,2017-01-01
90051,Germany,India,LMICs,0.091575,0.0,Higher education institution,2017-12-31
90441,Germany,Uganda,LDCs,0.0119809,0.0,Donor country-based NGO,2017-12-31
91587,Germany,India,LMICs,59.9046,0.0,Central Government,2017-12-01
91767,Germany,India,LMICs,0.0590025,0.0,Other non-bank entity in provider country,2017-10-27
91805,Germany,Kenya,LMICs,0.151343,0.0,Teaching institution/Research and development institute,2017-12-31
92047,Germany,India,LMICs,0.039772,0.0,Higher education institution,2017-01-01
92452,Germany,Ethiopia,LDCs,0.502955,0.0,"University, college or other teaching institution, research institute or think tank",2017-01-24
92505,Germany,India,LMICs,0.058864699999999985,0.0,Other non-bank entity in provider country,2017-10-27
92643,Germany,Uganda,LDCs,0.0443893,0.0,"University, college or other teaching institution, research institute or think tank",2017-01-24
92710,Germany,Bolivia,LMICs,0.0483555,0.0,Central Government,2017-01-01
92717,Germany,India,LMICs,0.599046,0.0,Central Government,2017-12-01
93199,Germany,Egypt,LMICs,4.19333,0.0,GIZ,2017-12-31
93837,Germany,Egypt,LMICs,0.11980899999999997,0.0,Teaching institution/Research and development institute,2017-05-24
93883,Germany,India,LMICs,0.0316967,0.0,Teaching institution/Research and development institute,2017-12-31
94315,Germany,Ethiopia,LDCs,0.0239619,0.0,Donor country-based NGO,2017-11-08
95486,Germany,Uganda,LDCs,0.179714,0.0,"University, college or other teaching institution, research institute or think tank",2017-01-24
95661,Germany,Tanzania,LDCs,0.220383,0.0,GIZ,2017-12-31
95950,Germany,Egypt,LMICs,0.118602,0.0,Higher education institution,2017-07-19
96096,Germany,India,LMICs,0.0467744,0.0,Higher education institution,2017-12-31
96115,Germany,India,LMICs,0.176359,0.0,Higher education institution,2017-05-31
96605,Germany,India,LMICs,0.069124,0.0,Teaching institution/Research and development institute,2017-10-27
96773,Germany,Burundi,LDCs,14.3771,0.0,GIZ,2017-10-24
96990,Germany,India,LMICs,0.155209,0.0,Teaching institution/Research and development institute,2017-10-27
97200,Germany,Burundi,LDCs,5.99046,0.0,International Rescue Committee (IRC),2017-12-15
98947,Germany,Egypt,LMICs,2.3961900000000003,0.0,GIZ,2017-12-31
99194,Germany,Lebanon,UMICs,0.127681,0.0,Teaching institution/Research and development institute,2017-12-31
99544,Germany,India,LMICs,0.0550406,0.0,Teaching institution/Research and development institute,2017-12-31
99606,Germany,India,LMICs,0.143358,0.0,Higher education institution,2017-04-27
100240,Germany,Uganda,LDCs,5.39142,0.0,GIZ,2017-07-26
100752,Germany,Kenya,LMICs,0.8985700000000001,0.0,"University, college or other teaching institution, research institute or think tank",2017-11-10
100808,Germany,Bolivia,LMICs,3.47447,0.0,GIZ,2017-12-31
101147,Germany,Bolivia,LMICs,0.24393,0.0,Central Government,2017-01-01
101537,Germany,Kenya,LMICs,0.119204,0.0,Donor Government,2017-08-30
101897,Germany,Ethiopia,LDCs,3.5942800000000004,0.0,United Nations Children's Fund (UNICEF),2017-10-06
102502,Germany,India,LMICs,0.0685043,0.0,Higher education institution,2017-12-31
102712,Germany,Kenya,LMICs,0.0554118,0.0,Teaching institution/Research and development institute,2017-08-03
103761,Germany,India,LMICs,0.224838,0.0,Teaching institution/Research and development institute,2017-12-31
147498,Germany,Bolivia,LMICs,0.023515900000000003,0.0,Teaching institution/Research and development institute,2018-12-04
147890,Germany,India,LMICs,0.00729848,0.0,"University, college or other teaching institution, research institute or think tank",2018-09-10
148481,Germany,Bolivia,LMICs,0.0295055,0.0,Developing country-based NGO,2018-07-24
149500,Germany,Kenya,LMICs,0.940635,0.0,Donor country-based NGO,2018-01-02
149502,Germany,Colombia,UMICs,0.288136,0.0,"University, college or other teaching institution, research institute or think tank",2018-08-01
149768,Germany,Kenya,LMICs,0.0295055,0.0,Donor country-based NGO,2018-08-27
150565,Germany,Lebanon,UMICs,23.0733,0.0,United Nations Children's Fund (UNICEF),2018-12-05
150593,Germany,Bangladesh,LDCs,106.22,0.0,Central Government,2018-10-17
150786,Germany,India,LMICs,0.421136,0.0,Teaching institution/Research and development institute,2018-07-31
151026,Germany,India,LMICs,0.172097,0.0,Other non-financial corporations,2018-06-20
151250,Germany,India,LMICs,0.0571361,0.0,Higher education institution,2018-01-01
151839,Germany,India,LMICs,0.318659,0.0,Donor country-based NGO,2018-08-01
152420,Germany,Kenya,LMICs,0.0526561,0.0,Teaching institution/Research and development institute,2018-05-14
152818,Germany,Bangladesh,LDCs,0.0148212,0.0,Developing country-based NGO,2018-08-12
152927,Germany,Kenya,LMICs,0.587749,0.0,Donor country-based NGO,2018-11-22
153134,Germany,India,LMICs,0.120093,0.0,Other non-financial corporations,2018-06-21
153937,Germany,Kenya,LMICs,0.129824,0.0,GIZ,2018-12-31
153980,Germany,India,LMICs,0.15094200000000002,0.0,Other non-financial corporations,2018-06-18
154333,Germany,India,LMICs,0.0756108,0.0,Donor country-based NGO,2018-01-01
154945,Germany,Ethiopia,LDCs,11.8022,0.0,United Nations Children's Fund (UNICEF),2018-11-30
154980,Germany,Lebanon,UMICs,15.3429,0.0,Central Government,2018-04-11
155419,Germany,Uganda,LDCs,1.29824,0.0,Donor country-based NGO,2018-10-17
155860,Germany,India,LMICs,0.371797,0.0,Higher education institution,2018-08-06
156151,Germany,Lebanon,UMICs,3.54066,0.0,Central Government,2018-04-26
156326,Germany,India,LMICs,0.102833,0.0,Other non-financial corporations,2018-08-09
156394,Germany,Lebanon,UMICs,29.5055,0.0,Central Government,2018-04-11
156649,Germany,India,LMICs,0.0004738,0.0,Higher education institution,2018-01-01
156678,Germany,India,LMICs,0.262167,0.0,Higher education institution,2018-06-21
156731,Germany,Bangladesh,LDCs,0.0154066,0.0,Developing country-based NGO,2018-08-12
156922,Germany,Burundi,LDCs,2.36044,0.0,Central Government,2018-11-16
157575,Germany,Uganda,LDCs,9.44176,0.0,Central Government,2018-10-23
157598,Germany,Tanzania,LDCs,0.0852654,0.0,City State of Hamburg,2018-01-01
157675,Germany,India,LMICs,0.120558,0.0,Other non-financial corporations,2018-08-06
158230,Germany,India,LMICs,3.83571,0.0,GIZ,2018-12-31
158603,Germany,Kenya,LMICs,0.295055,0.0,Donor country-based NGO,2018-08-01
158717,Germany,Lebanon,UMICs,0.358016,0.0,Teaching institution/Research and development institute,2018-12-31
158753,Germany,India,LMICs,0.0452892,0.0,GIZ,2018-12-31
159183,Germany,Ethiopia,LDCs,0.0791875,0.0,Higher education institution,2018-10-24
159309,Germany,India,LMICs,141.626,0.0,Central Government,2018-12-20
159639,Germany,Kenya,LMICs,0.32965,0.0,Teaching institution/Research and development institute,2018-12-31
160012,Germany,India,LMICs,0.234711,0.0,Teaching institution/Research and development institute,2018-06-22
160443,Germany,Colombia,UMICs,17.7033,0.0,Central Government,2018-12-21
160906,Germany,Uganda,LDCs,0.632598,0.0,Donor country-based NGO,2018-01-02
161887,Germany,India,LMICs,0.15643900000000002,0.0,Teaching institution/Research and development institute,2018-01-01
162007,Germany,Bolivia,LMICs,18.7687,0.0,Central Government,2018-06-28
163110,Germany,Bolivia,LMICs,0.250188,0.0,Central Government,2018-01-01
163152,Germany,Bolivia,LMICs,7.5534,0.0,GIZ,2018-02-21
163379,Germany,India,LMICs,0.0230851,0.0,Higher education institution,2018-01-01
163703,Germany,India,LMICs,0.0550725,0.0,Teaching institution/Research and development institute,2018-01-01
163944,Germany,Bolivia,LMICs,0.0295055,0.0,Developing country-based NGO,2018-07-31
164293,Germany,Bolivia,LMICs,2.36044,0.0,GIZ,2018-10-22
9701,Germany,Tanzania,LDCs,28.9508,0.0,Central Government,2019-05-03
9706,Germany,Bolivia,LMICs,1.15803,0.0,Central Government,2019-10-31
9898,Germany,India,LMICs,0.5767,0.0,Donor country-based NGO,2019-03-28
9905,Germany,Uganda,LDCs,0.428472,0.0,Donor country-based NGO,2019-08-29
10853,Germany,Uganda,LDCs,0.602176,0.0,Donor country-based NGO,2019-11-28
10948,Germany,Rwanda,LDCs,0.0388392,0.0,Donor country-based NGO,2019-12-31
11805,Germany,Sudan,LDCs,3.4740900000000003,0.0,OXFAM - provider country office (OXFAM),2019-09-18
13268,Germany,India,LMICs,5.79016,0.0,GIZ,2019-03-01
13539,Germany,Kenya,LMICs,0.048756199999999986,0.0,Teaching institution/Research and development institute,2019-03-11
14178,Germany,Egypt,LMICs,0.117202,0.0,Donor Government,2019-11-28
14696,Germany,Uganda,LDCs,0.00923587,0.0,Donor country-based NGO,2019-04-29
15260,Germany,Colombia,UMICs,0.017365799999999997,0.0,Teaching institution/Research and development institute,2019-10-31
16309,Germany,Tanzania,LDCs,6.9481899999999985,0.0,GIZ,2019-03-21
16385,Germany,Kenya,LMICs,17.3705,0.0,Central Government,2019-12-30
16561,Germany,Egypt,LMICs,6.9481899999999985,0.0,GIZ,2019-03-20
16645,Germany,Bangladesh,LDCs,0.5211020000000001,0.0,"University, college or other teaching institution, research institute or think-tank",2019-03-05
17762,Germany,Tanzania,LDCs,0.0145904,0.0,GIZ,2019-12-31
17879,Germany,Bolivia,LMICs,20.2655,0.0,Central Government,2019-10-08
18243,Germany,Ethiopia,LDCs,1.02254,0.0,Donor country-based NGO,2019-11-21
19188,Germany,Burundi,LDCs,0.625337,0.0,GIZ,2019-12-31
19189,Germany,Uganda,LDCs,0.0115803,0.0,Donor country-based NGO,2019-12-06
19250,Germany,Colombia,UMICs,45.7851,0.0,Central Government,2019-12-19
19925,Germany,Bolivia,LMICs,1.73705,0.0,Central Government,2019-12-20
20093,Germany,Ethiopia,LDCs,0.0218707,0.0,Developing country-based NGO,2019-03-19
21457,Germany,Bolivia,LMICs,0.30653,0.0,Central Government,2019-01-01
21910,Germany,Tanzania,LDCs,0.0833783,0.0,City State of Hamburg,2019-01-01
22507,Germany,Lebanon,UMICs,0.5292399999999999,0.0,Teaching institution/Research and development institute,2019-12-31
22731,Germany,Egypt,LMICs,0.182345,0.0,Higher education institution,2019-11-28
22925,Germany,Bolivia,LMICs,0.00955288,0.0,Recipient Government,2019-03-07
23985,Germany,Uganda,LDCs,0.173705,0.0,"University, college or other teaching institution, research institute or think-tank",2019-03-05
23989,Germany,Ethiopia,LDCs,1.15803,0.0,"University, college or other teaching institution, research institute or think tank",2019-11-28
24054,Germany,Bolivia,LMICs,11.5803,0.0,Central Government,2019-12-20
24386,Germany,Egypt,LMICs,5.79016,0.0,GIZ,2019-06-25
24511,Germany,Ethiopia,LDCs,0.0957889,0.0,Teaching institution/Research and development institute,2019-01-01
24565,Germany,Bolivia,LMICs,8.68524,0.0,GIZ,2019-11-25
24782,Germany,Sudan,LDCs,0.24245500000000006,0.0,"University, college or other teaching institution, research institute or think-tank",2019-03-05
26105,Germany,Kenya,LMICs,0.411614,0.0,Teaching institution/Research and development institute,2019-12-31
26340,Germany,Tanzania,LDCs,0.0473531,0.0,GIZ,2019-02-21
26603,Germany,Tanzania,LDCs,0.00926425,0.0,Donor country-based NGO,2019-07-05
26737,Germany,Uganda,LDCs,1.38964,0.0,GIZ,2019-12-31
26827,Germany,Bolivia,LMICs,23.1606,0.0,Central Government,2019-12-20
26989,Germany,Colombia,UMICs,8.68524,0.0,GIZ,2019-10-17
27891,Germany,Kenya,LMICs,16.2124,0.0,Central Government,2019-12-30
